Format,Metric,Year,Actual_Value,Mode
CD,Units,1983,0.8,Digital
CD,Units,1984,5.8,Digital
CD,Units,1985,22.6,Digital
CD,Units,1986,53.0,Digital
CD,Units,1987,102.1,Digital
CD,Units,1988,149.7,Digital
CD,Units,1989,207.2,Digital
CD,Units,1990,286.5,Digital
CD,Units,1991,333.3,Digital
CD,Units,1992,407.5,Digital
CD,Units,1993,495.4,Digital
CD,Units,1994,662.1,Digital
CD,Units,1995,722.9,Digital
CD,Units,1996,778.9,Digital
CD,Units,1997,753.1,Digital
CD,Units,1998,847.0,Digital
CD,Units,1999,938.9,Digital
CD,Units,2000,942.5,Digital
CD,Units,2001,881.9,Digital
CD,Units,2002,803.3,Digital
CD,Units,2003,746.0,Digital
CD,Units,2004,767.0,Digital
CD,Units,2005,705.4,Digital
CD,Units,2006,619.7,Digital
CD,Units,2007,499.7,Digital
CD,Units,2008,368.4,Digital
CD,Units,2009,296.6,Digital
CD,Units,2010,253.0,Digital
CD,Units,2011,240.8,Digital
CD,Units,2012,198.164387234,Digital
CD,Units,2013,173.79330290599998,Digital
CD,Units,2014,138.702363357,Digital
CD,Units,2015,117.144051764,Digital
CD,Units,2016,97.57707119700001,Digital
CD,Units,2017,87.682499971,Digital
CD,Units,2018,51.954275644,Digital
CD,Units,2019,46.506495584,Digital
CD Single,Units,1988,1.6,Digital
CD Single,Units,1989,-0.1,Digital
CD Single,Units,1990,1.1,Digital
CD Single,Units,1991,5.7,Digital
CD Single,Units,1992,7.3,Digital
CD Single,Units,1993,7.8,Digital
CD Single,Units,1994,9.3,Digital
CD Single,Units,1995,21.5,Digital
CD Single,Units,1996,43.2,Digital
CD Single,Units,1997,66.7,Digital
CD Single,Units,1998,56.0,Digital
CD Single,Units,1999,55.9,Digital
CD Single,Units,2000,34.2,Digital
CD Single,Units,2001,17.3,Digital
CD Single,Units,2002,4.5,Digital
CD Single,Units,2003,8.3,Digital
CD Single,Units,2004,3.1,Digital
CD Single,Units,2005,2.8,Digital
CD Single,Units,2006,1.7,Digital
CD Single,Units,2007,2.6,Digital
CD Single,Units,2008,0.7,Digital
CD Single,Units,2009,0.9,Digital
CD Single,Units,2010,1.0,Digital
CD Single,Units,2011,1.3,Digital
CD Single,Units,2012,1.072870407,Digital
CD Single,Units,2013,0.6288953979999999,Digital
CD Single,Units,2014,0.928725116,Digital
CD Single,Units,2015,0.386721563,Digital
CD Single,Units,2016,0.121745255,Digital
CD Single,Units,2017,0.13261663,Digital
CD Single,Units,2018,0.020854078,Digital
CD Single,Units,2019,0.026257455,Digital
Cassette,Units,1973,15.0,Analog
Cassette,Units,1974,15.3,Analog
Cassette,Units,1975,16.2,Analog
Cassette,Units,1976,21.8,Analog
Cassette,Units,1977,36.9,Analog
Cassette,Units,1978,61.3,Analog
Cassette,Units,1979,78.5,Analog
Cassette,Units,1980,99.0,Analog
Cassette,Units,1981,124.0,Analog
Cassette,Units,1982,183.2,Analog
Cassette,Units,1983,236.8,Analog
Cassette,Units,1984,332.0,Analog
Cassette,Units,1985,339.1,Analog
Cassette,Units,1986,344.5,Analog
Cassette,Units,1987,410.0,Analog
Cassette,Units,1988,450.1,Analog
Cassette,Units,1989,446.2,Analog
Cassette,Units,1990,442.2,Analog
Cassette,Units,1991,360.1,Analog
Cassette,Units,1992,366.4,Analog
Cassette,Units,1993,339.5,Analog
Cassette,Units,1994,345.4,Analog
Cassette,Units,1995,272.6,Analog
Cassette,Units,1996,225.3,Analog
Cassette,Units,1997,172.6,Analog
Cassette,Units,1998,158.5,Analog
Cassette,Units,1999,123.6,Analog
Cassette,Units,2000,76.0,Analog
Cassette,Units,2001,45.0,Analog
Cassette,Units,2002,31.1,Analog
Cassette,Units,2003,17.2,Analog
Cassette,Units,2004,5.2,Analog
Cassette,Units,2005,2.5,Analog
Cassette,Units,2006,0.7,Analog
Cassette,Units,2007,0.4,Analog
Cassette,Units,2008,0.1,Analog
Cassette,Units,2009,0.0,Analog
Cassette,Units,2010,0.0,Analog
Cassette,Units,2011,0.0,Analog
Cassette Single,Units,1987,5.1,Analog
Cassette Single,Units,1988,22.5,Analog
Cassette Single,Units,1989,76.2,Analog
Cassette Single,Units,1990,87.4,Analog
Cassette Single,Units,1991,69.0,Analog
Cassette Single,Units,1992,84.6,Analog
Cassette Single,Units,1993,85.6,Analog
Cassette Single,Units,1994,81.1,Analog
Cassette Single,Units,1995,70.7,Analog
Cassette Single,Units,1996,59.9,Analog
Cassette Single,Units,1997,42.2,Analog
Cassette Single,Units,1998,26.4,Analog
Cassette Single,Units,1999,14.2,Analog
Cassette Single,Units,2000,1.3,Analog
Cassette Single,Units,2001,-1.5,Analog
Cassette Single,Units,2002,-0.5,Analog
Cassette Single,Units,2003,0.0,Analog
Cassette Single,Units,2004,0.0,Analog
Cassette Single,Units,2005,0.0,Analog
Cassette Single,Units,2006,0.0,Analog
Cassette Single,Units,2007,0.0,Analog
Cassette Single,Units,2008,0.0,Analog
Cassette Single,Units,2009,0.0,Analog
Cassette Single,Units,2010,0.0,Analog
Cassette Single,Units,2011,0.0,Analog
LP/EP,Units,1973,280.0,Analog
LP/EP,Units,1974,276.0,Analog
LP/EP,Units,1975,257.0,Analog
LP/EP,Units,1976,273.0,Analog
LP/EP,Units,1977,344.0,Analog
LP/EP,Units,1978,341.3,Analog
LP/EP,Units,1979,290.0,Analog
LP/EP,Units,1980,308.0,Analog
LP/EP,Units,1981,295.2,Analog
LP/EP,Units,1982,243.9,Analog
LP/EP,Units,1983,209.6,Analog
LP/EP,Units,1984,204.6,Analog
LP/EP,Units,1985,167.0,Analog
LP/EP,Units,1986,125.2,Analog
LP/EP,Units,1987,107.0,Analog
LP/EP,Units,1988,72.4,Analog
LP/EP,Units,1989,34.6,Analog
LP/EP,Units,1990,11.7,Analog
LP/EP,Units,1991,4.8,Analog
LP/EP,Units,1992,2.3,Analog
LP/EP,Units,1993,1.2,Analog
LP/EP,Units,1994,1.9,Analog
LP/EP,Units,1995,2.2,Analog
LP/EP,Units,1996,2.9,Analog
LP/EP,Units,1997,2.7,Analog
LP/EP,Units,1998,3.4,Analog
LP/EP,Units,1999,2.9,Analog
LP/EP,Units,2000,2.2,Analog
LP/EP,Units,2001,2.3,Analog
LP/EP,Units,2002,1.743,Analog
LP/EP,Units,2003,1.5,Analog
LP/EP,Units,2004,1.4,Analog
LP/EP,Units,2005,1.0,Analog
LP/EP,Units,2006,0.9,Analog
LP/EP,Units,2007,1.3,Analog
LP/EP,Units,2008,2.9,Analog
LP/EP,Units,2009,3.5,Analog
LP/EP,Units,2010,4.2,Analog
LP/EP,Units,2011,5.5,Analog
LP/EP,Units,2012,6.915365189,Analog
LP/EP,Units,2013,9.35128587,Analog
LP/EP,Units,2014,10.315563906,Analog
LP/EP,Units,2015,13.68102972,Analog
LP/EP,Units,2016,14.770886026,Analog
LP/EP,Units,2017,15.556089168,Analog
LP/EP,Units,2018,16.670127326,Analog
LP/EP,Units,2019,19.103162826,Analog
Vinyl Single,Units,1973,228.0,Analog
Vinyl Single,Units,1974,204.0,Analog
Vinyl Single,Units,1975,164.0,Analog
Vinyl Single,Units,1976,190.0,Analog
Vinyl Single,Units,1977,190.0,Analog
Vinyl Single,Units,1978,190.0,Analog
Vinyl Single,Units,1979,212.0,Analog
Vinyl Single,Units,1980,157.0,Analog
Vinyl Single,Units,1981,154.7,Analog
Vinyl Single,Units,1982,137.2,Analog
Vinyl Single,Units,1983,124.8,Analog
Vinyl Single,Units,1984,131.5,Analog
Vinyl Single,Units,1985,120.7,Analog
Vinyl Single,Units,1986,93.9,Analog
Vinyl Single,Units,1987,82.0,Analog
Vinyl Single,Units,1988,65.6,Analog
Vinyl Single,Units,1989,36.6,Analog
Vinyl Single,Units,1990,27.6,Analog
Vinyl Single,Units,1991,22.0,Analog
Vinyl Single,Units,1992,19.8,Analog
Vinyl Single,Units,1993,15.1,Analog
Vinyl Single,Units,1994,11.7,Analog
Vinyl Single,Units,1995,10.2,Analog
Vinyl Single,Units,1996,10.1,Analog
Vinyl Single,Units,1997,7.5,Analog
Vinyl Single,Units,1998,5.4,Analog
Vinyl Single,Units,1999,5.3,Analog
Vinyl Single,Units,2000,4.8,Analog
Vinyl Single,Units,2001,5.5,Analog
Vinyl Single,Units,2002,4.4,Analog
Vinyl Single,Units,2003,3.8,Analog
Vinyl Single,Units,2004,3.5,Analog
Vinyl Single,Units,2005,2.3,Analog
Vinyl Single,Units,2006,1.5,Analog
Vinyl Single,Units,2007,0.6,Analog
Vinyl Single,Units,2008,0.4,Analog
Vinyl Single,Units,2009,0.3,Analog
Vinyl Single,Units,2010,0.3,Analog
Vinyl Single,Units,2011,0.4,Analog
Vinyl Single,Units,2012,0.3885736870000001,Analog
Vinyl Single,Units,2013,0.315817054,Analog
Vinyl Single,Units,2014,0.481198278,Analog
Vinyl Single,Units,2015,0.50786991,Analog
Vinyl Single,Units,2016,0.404330651,Analog
Vinyl Single,Units,2017,0.402959365,Analog
Vinyl Single,Units,2018,0.34616500200000005,Analog
Vinyl Single,Units,2019,0.336120488,Analog
8 - Track,Units,1973,91.0,Analog
8 - Track,Units,1974,96.7,Analog
8 - Track,Units,1975,94.6,Analog
8 - Track,Units,1976,106.1,Analog
8 - Track,Units,1977,127.3,Analog
8 - Track,Units,1978,133.6,Analog
8 - Track,Units,1979,102.3,Analog
8 - Track,Units,1980,85.0,Analog
8 - Track,Units,1981,50.0,Analog
8 - Track,Units,1982,13.7,Analog
8 - Track,Units,1983,0.0,Analog
8 - Track,Units,1984,0.0,Analog
8 - Track,Units,1985,0.0,Analog
8 - Track,Units,1986,0.0,Analog
8 - Track,Units,1987,0.0,Analog
8 - Track,Units,1988,0.0,Analog
8 - Track,Units,1989,0.0,Analog
8 - Track,Units,1990,0.0,Analog
8 - Track,Units,1991,0.0,Analog
8 - Track,Units,1992,0.0,Analog
8 - Track,Units,1993,0.0,Analog
8 - Track,Units,1994,0.0,Analog
8 - Track,Units,1995,0.0,Analog
8 - Track,Units,1996,0.0,Analog
8 - Track,Units,1997,0.0,Analog
8 - Track,Units,1998,0.0,Analog
8 - Track,Units,1999,0.0,Analog
8 - Track,Units,2000,0.0,Analog
8 - Track,Units,2001,0.0,Analog
8 - Track,Units,2002,0.0,Analog
8 - Track,Units,2003,0.0,Analog
8 - Track,Units,2004,0.0,Analog
8 - Track,Units,2005,0.0,Analog
8 - Track,Units,2006,0.0,Analog
8 - Track,Units,2007,0.0,Analog
8 - Track,Units,2008,0.0,Analog
8 - Track,Units,2009,0.0,Analog
8 - Track,Units,2010,0.0,Analog
8 - Track,Units,2011,0.0,Analog
Other Tapes,Units,1973,2.2,Analog
Other Tapes,Units,1974,1.9,Analog
Other Tapes,Units,1975,1.5,Analog
Other Tapes,Units,1976,0.7,Analog
Other Tapes,Units,1977,0.0,Analog
Other Tapes,Units,1978,0.0,Analog
Other Tapes,Units,1979,0.0,Analog
Other Tapes,Units,1980,0.0,Analog
Other Tapes,Units,1981,0.0,Analog
Other Tapes,Units,1982,0.0,Analog
Other Tapes,Units,1983,0.0,Analog
Other Tapes,Units,1984,0.0,Analog
Other Tapes,Units,1985,0.0,Analog
Other Tapes,Units,1986,0.0,Analog
Other Tapes,Units,1987,0.0,Analog
Other Tapes,Units,1988,0.0,Analog
Other Tapes,Units,1989,0.0,Analog
Other Tapes,Units,1990,0.0,Analog
Other Tapes,Units,1991,0.0,Analog
Other Tapes,Units,1992,0.0,Analog
Other Tapes,Units,1993,0.0,Analog
Other Tapes,Units,1994,0.0,Analog
Other Tapes,Units,1995,0.0,Analog
Other Tapes,Units,1996,0.0,Analog
Other Tapes,Units,1997,0.0,Analog
Other Tapes,Units,1998,0.0,Analog
Other Tapes,Units,1999,0.0,Analog
Other Tapes,Units,2000,0.0,Analog
Other Tapes,Units,2001,0.0,Analog
Other Tapes,Units,2002,0.0,Analog
Other Tapes,Units,2003,0.0,Analog
Other Tapes,Units,2004,0.0,Analog
Other Tapes,Units,2005,0.0,Analog
Other Tapes,Units,2006,0.0,Analog
Other Tapes,Units,2007,0.0,Analog
Other Tapes,Units,2008,0.0,Analog
Other Tapes,Units,2009,0.0,Analog
Other Tapes,Units,2010,0.0,Analog
Other Tapes,Units,2011,0.0,Analog
Music Video (Physical),Units,1989,6.1,Digital
Music Video (Physical),Units,1990,9.2,Digital
Music Video (Physical),Units,1991,6.1,Digital
Music Video (Physical),Units,1992,7.6,Digital
Music Video (Physical),Units,1993,11.0,Digital
Music Video (Physical),Units,1994,11.2,Digital
Music Video (Physical),Units,1995,12.6,Digital
Music Video (Physical),Units,1996,16.9,Digital
Music Video (Physical),Units,1997,18.6,Digital
Music Video (Physical),Units,1998,27.2,Digital
Music Video (Physical),Units,1999,19.8,Digital
Music Video (Physical),Units,2000,18.2,Digital
Music Video (Physical),Units,2001,17.7,Digital
Music Video (Physical),Units,2002,14.7,Digital
Music Video (Physical),Units,2003,19.9,Digital
Music Video (Physical),Units,2004,32.8,Digital
Music Video (Physical),Units,2005,33.8,Digital
Music Video (Physical),Units,2006,23.2,Digital
Music Video (Physical),Units,2007,27.5,Digital
Music Video (Physical),Units,2008,13.2,Digital
Music Video (Physical),Units,2009,11.6,Digital
Music Video (Physical),Units,2010,9.1,Digital
Music Video (Physical),Units,2011,7.7,Digital
Music Video (Physical),Units,2012,6.032725467000001,Digital
Music Video (Physical),Units,2013,4.814626524,Digital
Music Video (Physical),Units,2014,4.065323601,Digital
Music Video (Physical),Units,2015,3.1332280060000004,Digital
Music Video (Physical),Units,2016,2.495531725,Digital
Music Video (Physical),Units,2017,1.87712837,Digital
Music Video (Physical),Units,2018,1.395058021,Digital
Music Video (Physical),Units,2019,1.32294236,Digital
DVD Audio,Units,2001,0.263,Digital
DVD Audio,Units,2002,0.43,Digital
DVD Audio,Units,2003,0.4,Digital
DVD Audio,Units,2004,0.3,Digital
DVD Audio,Units,2005,0.5,Digital
DVD Audio,Units,2006,0.1,Digital
DVD Audio,Units,2007,0.2,Digital
DVD Audio,Units,2008,0.04,Digital
DVD Audio,Units,2009,0.1,Digital
DVD Audio,Units,2010,0.04,Digital
DVD Audio,Units,2011,0.01,Digital
DVD Audio,Units,2012,0.008533145,Digital
DVD Audio,Units,2013,-0.054735168,Digital
DVD Audio,Units,2014,0.066542722,Digital
DVD Audio,Units,2015,0.179506738,Digital
DVD Audio,Units,2016,0.085898932,Digital
DVD Audio,Units,2017,0.061332251,Digital
DVD Audio,Units,2018,0.092803246,Digital
DVD Audio,Units,2019,0.027982262,Digital
SACD,Units,2003,1.3,Digital
SACD,Units,2004,0.8,Digital
SACD,Units,2005,0.5,Digital
SACD,Units,2006,0.3,Digital
SACD,Units,2007,0.2,Digital
SACD,Units,2008,0.1,Digital
SACD,Units,2009,0.1,Digital
SACD,Units,2010,0.1,Digital
SACD,Units,2011,0.1,Digital
SACD,Units,2012,0.065446,Digital
SACD,Units,2013,0.044683,Digital
SACD,Units,2014,0.030486000000000006,Digital
SACD,Units,2015,0.041633,Digital
SACD,Units,2016,0.045272,Digital
SACD,Units,2017,0.032749,Digital
SACD,Units,2018,0.032804,Digital
SACD,Units,2019,0.017654,Digital
Download Single,Units,2004,139.4,Digital
Download Single,Units,2005,366.9,Digital
Download Single,Units,2006,586.4,Digital
Download Single,Units,2007,819.4,Digital
Download Single,Units,2008,1042.7,Digital
Download Single,Units,2009,1124.4,Digital
Download Single,Units,2010,1177.4,Digital
Download Single,Units,2011,1332.3,Digital
Download Single,Units,2012,1402.739373351,Digital
Download Single,Units,2013,1332.795365733,Digital
Download Single,Units,2014,1154.37932687,Digital
Download Single,Units,2015,986.2550359,Digital
Download Single,Units,2016,743.003413783,Digital
Download Single,Units,2017,553.516151775,Digital
Download Single,Units,2018,399.773852346,Digital
Download Single,Units,2019,335.339193535,Digital
Download Album,Units,2004,4.6,Digital
Download Album,Units,2005,13.6,Digital
Download Album,Units,2006,27.6,Digital
Download Album,Units,2007,49.8,Digital
Download Album,Units,2008,63.6,Digital
Download Album,Units,2009,74.5,Digital
Download Album,Units,2010,85.8,Digital
Download Album,Units,2011,103.9,Digital
Download Album,Units,2012,116.733631841,Digital
Download Album,Units,2013,117.97921304200001,Digital
Download Album,Units,2014,114.23047080100001,Digital
Download Album,Units,2015,106.78388411600001,Digital
Download Album,Units,2016,85.123349893,Digital
Download Album,Units,2017,66.38610376300001,Digital
Download Album,Units,2018,49.734924535,Digital
Download Album,Units,2019,40.202712338000005,Digital
Kiosk,Units,2005,0.7,Digital
Kiosk,Units,2006,1.4,Digital
Kiosk,Units,2007,1.8,Digital
Kiosk,Units,2008,1.6,Digital
Kiosk,Units,2009,1.7,Digital
Kiosk,Units,2010,1.7,Digital
Kiosk,Units,2011,1.3,Digital
Kiosk,Units,2012,1.95507,Digital
Kiosk,Units,2013,3.7442,Digital
Kiosk,Units,2014,1.5920733580000002,Digital
Kiosk,Units,2015,2.202659889,Digital
Kiosk,Units,2016,1.74878121,Digital
Kiosk,Units,2017,1.322377717,Digital
Kiosk,Units,2018,1.097856529,Digital
Kiosk,Units,2019,0.899703865,Digital
Download Music Video,Units,2005,1.9,Digital
Download Music Video,Units,2006,9.9,Digital
Download Music Video,Units,2007,14.2,Digital
Download Music Video,Units,2008,20.8,Digital
Download Music Video,Units,2009,20.5,Digital
Download Music Video,Units,2010,18.4,Digital
Download Music Video,Units,2011,16.3,Digital
Download Music Video,Units,2012,10.473489,Digital
Download Music Video,Units,2013,8.412464,Digital
Download Music Video,Units,2014,6.82264392,Digital
Download Music Video,Units,2015,3.223325002,Digital
Download Music Video,Units,2016,2.145427196,Digital
Download Music Video,Units,2017,1.3998896930000002,Digital
Download Music Video,Units,2018,1.1159852259999998,Digital
Download Music Video,Units,2019,0.93412583,Digital
Ringtones & Ringbacks,Units,2005,170.0,Digital
Ringtones & Ringbacks,Units,2006,315.0,Digital
Ringtones & Ringbacks,Units,2007,433.8,Digital
Ringtones & Ringbacks,Units,2008,405.1,Digital
Ringtones & Ringbacks,Units,2009,294.3,Digital
Ringtones & Ringbacks,Units,2010,188.5,Digital
Ringtones & Ringbacks,Units,2011,115.4,Digital
Ringtones & Ringbacks,Units,2012,58.75740355600001,Digital
Ringtones & Ringbacks,Units,2013,39.366235778000004,Digital
Ringtones & Ringbacks,Units,2014,26.632323683000003,Digital
Ringtones & Ringbacks,Units,2015,21.924866054000002,Digital
Ringtones & Ringbacks,Units,2016,22.620785392,Digital
Ringtones & Ringbacks,Units,2017,14.262869940999998,Digital
Ringtones & Ringbacks,Units,2018,10.026286725,Digital
Ringtones & Ringbacks,Units,2019,8.605769716000001,Digital
Paid Subscriptions,Units,2005,1.3,Streaming
Paid Subscriptions,Units,2006,1.7,Streaming
Paid Subscriptions,Units,2007,1.8,Streaming
Paid Subscriptions,Units,2008,1.6,Streaming
Paid Subscriptions,Units,2009,1.2,Streaming
Paid Subscriptions,Units,2010,1.5,Streaming
Paid Subscriptions,Units,2011,1.8,Streaming
Paid Subscriptions,Units,2012,3.36,Streaming
Paid Subscriptions,Units,2013,6.16,Streaming
Paid Subscriptions,Units,2014,7.73,Streaming
Paid Subscriptions,Units,2015,10.84,Streaming
Paid Subscriptions,Units,2016,22.68,Streaming
Paid Subscriptions,Units,2017,35.273501216,Streaming
Paid Subscriptions,Units,2018,46.91132324,Streaming
Paid Subscriptions,Units,2019,60.381947607,Streaming
8 - Track,Value (Adjusted),1973,2815.6818243240004,Analog
8 - Track,Value (Adjusted),1974,2848.008608519,Analog
8 - Track,Value (Adjusted),1975,2770.409498141,Analog
8 - Track,Value (Adjusted),1976,3047.2157715290004,Analog
8 - Track,Value (Adjusted),1977,3421.4162871290005,Analog
8 - Track,Value (Adjusted),1978,3717.221411043,Analog
8 - Track,Value (Adjusted),1979,2409.725690083,Analog
8 - Track,Value (Adjusted),1980,1635.087851942,Analog
8 - Track,Value (Adjusted),1981,880.315082508,Analog
8 - Track,Value (Adjusted),1982,95.374632124,Analog
CD,Value (Adjusted),1983,44.14960241,Digital
CD,Value (Adjusted),1984,254.180636189,Digital
CD,Value (Adjusted),1985,925.449828067,Digital
CD,Value (Adjusted),1986,2169.585544708,Digital
CD,Value (Adjusted),1987,3586.399605634,Digital
CD,Value (Adjusted),1988,4516.462927303,Digital
CD,Value (Adjusted),1989,5335.190475,Digital
CD,Value (Adjusted),1990,6751.53558684,Digital
CD,Value (Adjusted),1991,8142.168640969,Digital
CD,Value (Adjusted),1992,9706.037138275,Digital
CD,Value (Adjusted),1993,11520.311348096999,Digital
CD,Value (Adjusted),1994,14601.947884615,Digital
CD,Value (Adjusted),1995,15730.957688976001,Digital
CD,Value (Adjusted),1996,16187.862319312,Digital
CD,Value (Adjusted),1997,15793.549661682,Digital
CD,Value (Adjusted),1998,17905.400687117,Digital
CD,Value (Adjusted),1999,19667.327785714,Digital
CD,Value (Adjusted),2000,19618.928144599,Digital
CD,Value (Adjusted),2001,18635.67744664,Digital
CD,Value (Adjusted),2002,17115.944823235,Digital
CD,Value (Adjusted),2003,15607.443017935,Digital
CD,Value (Adjusted),2004,15491.677345156,Digital
CD,Value (Adjusted),2005,13771.442761905,Digital
CD,Value (Adjusted),2006,11885.767848213998,Digital
CD,Value (Adjusted),2007,9190.702658466,Digital
CD,Value (Adjusted),2008,6496.779627316,Digital
CD,Value (Adjusted),2009,5146.5782200740005,Digital
CD,Value (Adjusted),2010,3973.859172873,Digital
CD,Value (Adjusted),2011,3524.136143132,Digital
CD,Value (Adjusted),2012,2767.7761488720002,Digital
CD,Value (Adjusted),2013,2349.534897314,Digital
CD,Value (Adjusted),2014,1918.215114615,Digital
CD,Value (Adjusted),2015,1558.6334519379998,Digital
CD,Value (Adjusted),2016,1204.497778348,Digital
CD,Value (Adjusted),2017,1102.77435245,Digital
CD,Value (Adjusted),2018,711.041239463,Digital
CD,Value (Adjusted),2019,614.509779894,Digital
CD Single,Value (Adjusted),1988,21.178686391,Digital
CD Single,Value (Adjusted),1989,-1.443225,Digital
CD Single,Value (Adjusted),1990,11.736358072,Digital
CD Single,Value (Adjusted),1991,65.885174009,Digital
CD Single,Value (Adjusted),1992,82.181972202,Digital
CD Single,Value (Adjusted),1993,81.031768858,Digital
CD Single,Value (Adjusted),1994,96.77704251,Digital
CD Single,Value (Adjusted),1995,186.039116142,Digital
CD Single,Value (Adjusted),1996,299.977397706,Digital
CD Single,Value (Adjusted),1997,434.377968224,Digital
CD Single,Value (Adjusted),1998,334.393082209,Digital
CD Single,Value (Adjusted),1999,341.285214886,Digital
CD Single,Value (Adjusted),2000,211.859778746,Digital
CD Single,Value (Adjusted),2001,114.619795596,Digital
CD Single,Value (Adjusted),2002,27.853680934,Digital
CD Single,Value (Adjusted),2003,50.019847826,Digital
CD Single,Value (Adjusted),2004,20.300979354000003,Digital
CD Single,Value (Adjusted),2005,14.268619048,Digital
CD Single,Value (Adjusted),2006,9.764677082999999,Digital
CD Single,Value (Adjusted),2007,15.045901592,Digital
CD Single,Value (Adjusted),2008,4.156001078,Digital
CD Single,Value (Adjusted),2009,3.694172567,Digital
CD Single,Value (Adjusted),2010,3.4000683310000004,Digital
CD Single,Value (Adjusted),2011,3.977965137,Digital
CD Single,Value (Adjusted),2012,3.59119832,Digital
CD Single,Value (Adjusted),2013,2.684056894,Digital
CD Single,Value (Adjusted),2014,3.905023683,Digital
CD Single,Value (Adjusted),2015,1.291079457,Digital
CD Single,Value (Adjusted),2016,0.280361354,Digital
CD Single,Value (Adjusted),2017,1.542258972,Digital
CD Single,Value (Adjusted),2018,0.157981482,Digital
CD Single,Value (Adjusted),2019,0.181678878,Digital
Cassette,Value (Adjusted),1973,437.611081081,Analog
Cassette,Value (Adjusted),1974,452.19655983800004,Analog
Cassette,Value (Adjusted),1975,469.49649814099996,Analog
Cassette,Value (Adjusted),1976,654.6436713530001,Analog
Cassette,Value (Adjusted),1977,1053.003089109,Analog
Cassette,Value (Adjusted),1978,1763.7196104289999,Analog
Cassette,Value (Adjusted),1979,2044.551710744,Analog
Cassette,Value (Adjusted),1980,2187.356614078,Analog
Cassette,Value (Adjusted),1981,2989.1337689770007,Analog
Cassette,Value (Adjusted),1982,3667.9493937820002,Analog
Cassette,Value (Adjusted),1983,4648.285756024,Analog
Cassette,Value (Adjusted),1984,5865.839483156999,Analog
Cassette,Value (Adjusted),1985,5729.710552974,Analog
Cassette,Value (Adjusted),1986,5830.425834854002,Analog
Cassette,Value (Adjusted),1987,6660.8100607390015,Analog
Cassette,Value (Adjusted),1988,7315.507275571,Analog
Cassette,Value (Adjusted),1989,6898.20315,Analog
Cassette,Value (Adjusted),1990,6792.2216281559995,Analog
Cassette,Value (Adjusted),1991,5668.002035242,Analog
Cassette,Value (Adjusted),1992,5678.5738353530005,Analog
Cassette,Value (Adjusted),1993,5158.786716955,Analog
Cassette,Value (Adjusted),1994,5134.531004049,Analog
Cassette,Value (Adjusted),1995,3864.379692913,Analog
Cassette,Value (Adjusted),1996,3104.54609369,Analog
Cassette,Value (Adjusted),1997,2425.476099065,Analog
Cassette,Value (Adjusted),1998,2227.039106135,Analog
Cassette,Value (Adjusted),1999,1629.0844609839999,Analog
Cassette,Value (Adjusted),2000,929.3918815330001,Analog
Cassette,Value (Adjusted),2001,524.594883117,Analog
Cassette,Value (Adjusted),2002,298.148074486,Analog
Cassette,Value (Adjusted),2003,150.1984875,Analog
Cassette,Value (Adjusted),2004,32.07554738,Analog
Cassette,Value (Adjusted),2005,17.14852381,Analog
Cassette,Value (Adjusted),2006,4.69211756,Analog
Cassette,Value (Adjusted),2007,3.699811867,Analog
Cassette,Value (Adjusted),2008,1.068685991,Analog
Cassette Single,Value (Adjusted),1987,32.182175176,Analog
Cassette Single,Value (Adjusted),1988,123.830482671,Analog
Cassette Single,Value (Adjusted),1989,401.21655,Analog
Cassette Single,Value (Adjusted),1990,504.467791125,Analog
Cassette Single,Value (Adjusted),1991,432.477039648,Analog
Cassette Single,Value (Adjusted),1992,544.47834355,Analog
Cassette Single,Value (Adjusted),1993,528.121899654,Analog
Cassette Single,Value (Adjusted),1994,474.224759109,Analog
Cassette Single,Value (Adjusted),1995,396.40255315,Analog
Cassette Single,Value (Adjusted),1996,308.450414914,Analog
Cassette Single,Value (Adjusted),1997,212.64928037400003,Analog
Cassette Single,Value (Adjusted),1998,148.061477301,Analog
Cassette Single,Value (Adjusted),1999,73.658679472,Analog
Cassette Single,Value (Adjusted),2000,6.829397212999999,Analog
Cassette Single,Value (Adjusted),2001,-7.650943535,Analog
Cassette Single,Value (Adjusted),2002,-2.273769872,Analog
DVD Audio,Value (Adjusted),2001,8.661445511,Digital
DVD Audio,Value (Adjusted),2002,12.079402446,Digital
DVD Audio,Value (Adjusted),2003,11.115521739,Digital
DVD Audio,Value (Adjusted),2004,8.797091052999999,Digital
DVD Audio,Value (Adjusted),2005,14.661333333,Digital
DVD Audio,Value (Adjusted),2006,3.043535714,Digital
DVD Audio,Value (Adjusted),2007,3.453157742,Digital
DVD Audio,Value (Adjusted),2008,1.424914655,Digital
DVD Audio,Value (Adjusted),2009,1.906669712,Digital
DVD Audio,Value (Adjusted),2010,1.05519362,Digital
DVD Audio,Value (Adjusted),2011,0.34096844,Digital
DVD Audio,Value (Adjusted),2012,0.20389289,Digital
DVD Audio,Value (Adjusted),2013,-0.544116778,Digital
DVD Audio,Value (Adjusted),2014,2.310456232,Digital
DVD Audio,Value (Adjusted),2015,5.842187676,Digital
DVD Audio,Value (Adjusted),2016,3.020431045,Digital
DVD Audio,Value (Adjusted),2017,2.718901189,Digital
DVD Audio,Value (Adjusted),2018,3.377493968,Digital
DVD Audio,Value (Adjusted),2019,1.067303184,Digital
Download Album,Value (Adjusted),2004,61.579637373999994,Digital
Download Album,Value (Adjusted),2005,177.637761905,Digital
Download Album,Value (Adjusted),2006,349.879793155,Digital
Download Album,Value (Adjusted),2007,613.428807525,Digital
Download Album,Value (Adjusted),2008,754.37356702,Digital
Download Album,Value (Adjusted),2009,886.9589166439999,Digital
Download Album,Value (Adjusted),2010,1022.834348975,Digital
Download Album,Value (Adjusted),2011,1217.030019694,Digital
Download Album,Value (Adjusted),2012,1341.5909826060001,Digital
Download Album,Value (Adjusted),2013,1352.2029527999996,Digital
Download Album,Value (Adjusted),2014,1207.24757771,Digital
Download Album,Value (Adjusted),2015,1148.145080643,Digital
Download Album,Value (Adjusted),2016,925.232200992,Digital
Download Album,Value (Adjusted),2017,697.237618181,Digital
Download Album,Value (Adjusted),2018,508.704388424,Digital
Download Album,Value (Adjusted),2019,394.53300615800003,Digital
Download Music Video,Value (Adjusted),2005,4.84347619,Digital
Download Music Video,Value (Adjusted),2006,24.982355655,Digital
Download Music Video,Value (Adjusted),2007,34.778231548,Digital
Download Music Video,Value (Adjusted),2008,49.040812715,Digital
Download Music Video,Value (Adjusted),2009,48.739244513,Digital
Download Music Video,Value (Adjusted),2010,42.911207213000004,Digital
Download Music Video,Value (Adjusted),2011,36.824591556,Digital
Download Music Video,Value (Adjusted),2012,23.208206935,Digital
Download Music Video,Value (Adjusted),2013,18.372074985999998,Digital
Download Music Video,Value (Adjusted),2014,14.662197203,Digital
Download Music Video,Value (Adjusted),2015,6.918875516,Digital
Download Music Video,Value (Adjusted),2016,4.547792467,Digital
Download Music Video,Value (Adjusted),2017,2.9055331360000003,Digital
Download Music Video,Value (Adjusted),2018,2.2610511680000003,Digital
Download Music Video,Value (Adjusted),2019,1.858910402,Digital
Download Single,Value (Adjusted),2004,186.769010058,Digital
Download Single,Value (Adjusted),2005,475.577,Digital
Download Single,Value (Adjusted),2006,736.282014881,Digital
Download Single,Value (Adjusted),2007,1000.182474674,Digital
Download Single,Value (Adjusted),2008,1225.664089214,Digital
Download Single,Value (Adjusted),2009,1396.6355640289999,Digital
Download Single,Value (Adjusted),2010,1566.8452819460001,Digital
Download Single,Value (Adjusted),2011,1730.3011785420001,Digital
Download Single,Value (Adjusted),2012,1831.258645554,Digital
Download Single,Value (Adjusted),2013,1726.7391560439999,Digital
Download Single,Value (Adjusted),2014,1463.6553870960001,Digital
Download Single,Value (Adjusted),2015,1278.449595315,Digital
Download Single,Value (Adjusted),2016,958.87910313,Digital
Download Single,Value (Adjusted),2017,707.692711218,Digital
Download Single,Value (Adjusted),2018,499.316974193,Digital
Download Single,Value (Adjusted),2019,414.804250982,Digital
Kiosk,Value (Adjusted),2005,1.309047619,Digital
Kiosk,Value (Adjusted),2006,2.409465774,Digital
Kiosk,Value (Adjusted),2007,3.206503618,Digital
Kiosk,Value (Adjusted),2008,3.0873150860000003,Digital
Kiosk,Value (Adjusted),2009,7.507511991,Digital
Kiosk,Value (Adjusted),2010,7.503599075,Digital
Kiosk,Value (Adjusted),2011,3.0687159630000003,Digital
Kiosk,Value (Adjusted),2012,4.068866328,Digital
Kiosk,Value (Adjusted),2013,6.786152156,Digital
Kiosk,Value (Adjusted),2014,2.789051821,Digital
Kiosk,Value (Adjusted),2015,3.99147413,Digital
Kiosk,Value (Adjusted),2016,3.13587911,Digital
Kiosk,Value (Adjusted),2017,2.351668038,Digital
Kiosk,Value (Adjusted),2018,2.000651969,Digital
Kiosk,Value (Adjusted),2019,1.586470587,Digital
LP/EP,Value (Adjusted),1973,7174.518513514,Analog
LP/EP,Value (Adjusted),1974,7031.863935091,Analog
LP/EP,Value (Adjusted),1975,7056.703438662,Analog
LP/EP,Value (Adjusted),1976,7472.013901582,Analog
LP/EP,Value (Adjusted),1977,9260.605292079,Analog
LP/EP,Value (Adjusted),1978,9698.105185583001,Analog
LP/EP,Value (Adjusted),1979,7243.615,Analog
LP/EP,Value (Adjusted),1980,6825.79368932,Analog
LP/EP,Value (Adjusted),1981,6586.050570957,Analog
LP/EP,Value (Adjusted),1982,5100.15845285,Analog
LP/EP,Value (Adjusted),1983,4335.388283133,Analog
LP/EP,Value (Adjusted),1984,3810.987118383,Analog
LP/EP,Value (Adjusted),1985,3042.460859665,Analog
LP/EP,Value (Adjusted),1986,2292.9820346720003,Analog
LP/EP,Value (Adjusted),1987,1784.872946303,Analog
LP/EP,Value (Adjusted),1988,1150.132336433,Analog
LP/EP,Value (Adjusted),1989,454.203525,Analog
LP/EP,Value (Adjusted),1990,169.199162204,Analog
LP/EP,Value (Adjusted),1991,55.185872247,Analog
LP/EP,Value (Adjusted),1992,24.59992516,Analog
LP/EP,Value (Adjusted),1993,18.754077509000002,Analog
LP/EP,Value (Adjusted),1994,30.706441295999998,Analog
LP/EP,Value (Adjusted),1995,42.106238189,Analog
LP/EP,Value (Adjusted),1996,59.962891013000004,Analog
LP/EP,Value (Adjusted),1997,53.042854206,Analog
LP/EP,Value (Adjusted),1998,53.32722699399999,Analog
LP/EP,Value (Adjusted),1999,48.79887515,Analog
LP/EP,Value (Adjusted),2000,41.124848432,Analog
LP/EP,Value (Adjusted),2001,39.5539345,Analog
LP/EP,Value (Adjusted),2002,29.132676486999998,Analog
LP/EP,Value (Adjusted),2003,30.150852717,Analog
LP/EP,Value (Adjusted),2004,26.120593436,Analog
LP/EP,Value (Adjusted),2005,18.58847619,Analog
LP/EP,Value (Adjusted),2006,19.909796131,Analog
LP/EP,Value (Adjusted),2007,28.24189725,Analog
LP/EP,Value (Adjusted),2008,67.327217456,Analog
LP/EP,Value (Adjusted),2009,76.028454765,Analog
LP/EP,Value (Adjusted),2010,104.22968090799999,Analog
LP/EP,Value (Adjusted),2011,135.70543925200002,Analog
LP/EP,Value (Adjusted),2012,178.96798223599998,Analog
LP/EP,Value (Adjusted),2013,231.27407019400002,Analog
LP/EP,Value (Adjusted),2014,263.336179145,Analog
LP/EP,Value (Adjusted),2015,359.598162864,Analog
LP/EP,Value (Adjusted),2016,378.607270991,Analog
LP/EP,Value (Adjusted),2017,405.212077272,Analog
LP/EP,Value (Adjusted),2018,426.82018664599997,Analog
LP/EP,Value (Adjusted),2019,497.588920842,Analog
Limited Tier Paid Subscription,Value (Adjusted),2016,280.536691286,Streaming
Limited Tier Paid Subscription,Value (Adjusted),2017,617.032317981,Streaming
Limited Tier Paid Subscription,Value (Adjusted),2018,760.591366006,Streaming
Limited Tier Paid Subscription,Value (Adjusted),2019,829.498739675,Streaming
Music Video (Physical),Value (Adjusted),1989,237.92595,Digital
Music Video (Physical),Value (Adjusted),1990,337.029082632,Digital
Music Video (Physical),Value (Adjusted),1991,221.682024229,Digital
Music Video (Physical),Value (Adjusted),1992,286.816905203,Digital
Music Video (Physical),Value (Adjusted),1993,377.38157854699995,Digital
Music Video (Physical),Value (Adjusted),1994,398.666212551,Digital
Music Video (Physical),Value (Adjusted),1995,369.561923228,Digital
Music Video (Physical),Value (Adjusted),1996,384.70756979,Digital
Music Video (Physical),Value (Adjusted),1997,515.933347664,Digital
Music Video (Physical),Value (Adjusted),1998,796.771509202,Digital
Music Video (Physical),Value (Adjusted),1999,578.067178271,Digital
Music Video (Physical),Value (Adjusted),2000,418.52327700300003,Digital
Music Video (Physical),Value (Adjusted),2001,475.224643704,Digital
Music Video (Physical),Value (Adjusted),2002,409.847019455,Digital
Music Video (Physical),Value (Adjusted),2003,555.637142935,Digital
Music Video (Physical),Value (Adjusted),2004,821.7836442560001,Digital
Music Video (Physical),Value (Adjusted),2005,788.30847619,Digital
Music Video (Physical),Value (Adjusted),2006,572.057900298,Digital
Music Video (Physical),Value (Adjusted),2007,598.0129247469999,Digital
Music Video (Physical),Value (Adjusted),2008,269.902584265,Digital
Music Video (Physical),Value (Adjusted),2009,249.77373227,Digital
Music Video (Physical),Value (Adjusted),2010,208.22487434400003,Digital
Music Video (Physical),Value (Adjusted),2011,171.620781634,Digital
Music Video (Physical),Value (Adjusted),2012,129.85137719,Digital
Music Video (Physical),Value (Adjusted),2013,116.63967237600001,Digital
Music Video (Physical),Value (Adjusted),2014,96.87525105600001,Digital
Music Video (Physical),Value (Adjusted),2015,75.973614493,Digital
Music Video (Physical),Value (Adjusted),2016,60.634642175,Digital
Music Video (Physical),Value (Adjusted),2017,40.279585351,Digital
Music Video (Physical),Value (Adjusted),2018,28.060663877,Digital
Music Video (Physical),Value (Adjusted),2019,27.705246783000003,Digital
On-Demand Streaming (Ad-Supported),Value (Adjusted),2011,129.340695033,Streaming
On-Demand Streaming (Ad-Supported),Value (Adjusted),2012,190.33961564700002,Streaming
On-Demand Streaming (Ad-Supported),Value (Adjusted),2013,242.396097837,Streaming
On-Demand Streaming (Ad-Supported),Value (Adjusted),2014,306.475448007,Streaming
On-Demand Streaming (Ad-Supported),Value (Adjusted),2015,401.24526414699994,Streaming
On-Demand Streaming (Ad-Supported),Value (Adjusted),2016,521.288175026,Streaming
On-Demand Streaming (Ad-Supported),Value (Adjusted),2017,686.918081261,Streaming
On-Demand Streaming (Ad-Supported),Value (Adjusted),2018,773.2949166880002,Streaming
On-Demand Streaming (Ad-Supported),Value (Adjusted),2019,908.149330523,Streaming
Other Ad-Supported Streaming,Value (Adjusted),2016,86.559596683,Streaming
Other Ad-Supported Streaming,Value (Adjusted),2017,273.04031902400004,Streaming
Other Ad-Supported Streaming,Value (Adjusted),2018,255.96744387099997,Streaming
Other Ad-Supported Streaming,Value (Adjusted),2019,251.064710118,Streaming
Other Digital,Value (Adjusted),2016,18.259409536,Digital
Other Digital,Value (Adjusted),2017,17.610951915999998,Digital
Other Digital,Value (Adjusted),2018,20.199063312,Digital
Other Digital,Value (Adjusted),2019,21.517175006,Digital
Other Tapes,Value (Adjusted),1973,89.82543243200001,Analog
Other Tapes,Value (Adjusted),1974,68.970346856,Analog
Other Tapes,Value (Adjusted),1975,48.470286245,Analog
Other Tapes,Value (Adjusted),1976,22.914775044000002,Analog
Paid Subscription,Value (Adjusted),2005,195.309904762,Streaming
Paid Subscription,Value (Adjusted),2006,261.490443452,Streaming
Paid Subscription,Value (Adjusted),2007,288.585325615,Streaming
Paid Subscription,Value (Adjusted),2008,262.896753877,Streaming
Paid Subscription,Value (Adjusted),2009,245.722059132,Streaming
Paid Subscription,Value (Adjusted),2010,249.02569431700002,Streaming
Paid Subscription,Value (Adjusted),2011,281.639931715,Streaming
Paid Subscription,Value (Adjusted),2012,445.276306223,Streaming
Paid Subscription,Value (Adjusted),2013,706.011657475,Streaming
Paid Subscription,Value (Adjusted),2014,831.834027499,Streaming
Paid Subscription,Value (Adjusted),2015,1247.676868955,Streaming
Paid Subscription,Value (Adjusted),2016,2390.487544774,Streaming
Paid Subscription,Value (Adjusted),2017,3651.028326883,Streaming
Paid Subscription,Value (Adjusted),2018,4740.333580635,Streaming
Paid Subscription,Value (Adjusted),2019,5934.397625188,Streaming
Ringtones & Ringbacks,Value (Adjusted),2005,551.89447619,Digital
Ringtones & Ringbacks,Value (Adjusted),2006,981.286639881,Digital
Ringtones & Ringbacks,Value (Adjusted),2007,1302.08712301,Digital
Ringtones & Ringbacks,Value (Adjusted),2008,1160.236757964,Digital
Ringtones & Ringbacks,Value (Adjusted),2009,837.5046709889999,Digital
Ringtones & Ringbacks,Value (Adjusted),2010,525.2519352830001,Digital
Ringtones & Ringbacks,Value (Adjusted),2011,313.9182774,Digital
Ringtones & Ringbacks,Value (Adjusted),2012,162.565728249,Digital
Ringtones & Ringbacks,Value (Adjusted),2013,107.548976379,Digital
Ringtones & Ringbacks,Value (Adjusted),2014,71.61127201,Digital
Ringtones & Ringbacks,Value (Adjusted),2015,58.874581006999996,Digital
Ringtones & Ringbacks,Value (Adjusted),2016,59.998070883000004,Digital
Ringtones & Ringbacks,Value (Adjusted),2017,37.040368455,Digital
Ringtones & Ringbacks,Value (Adjusted),2018,25.41009037,Digital
Ringtones & Ringbacks,Value (Adjusted),2019,21.426736902000002,Digital
SACD,Value (Adjusted),2003,36.542277717,Digital
SACD,Value (Adjusted),2004,22.466417152,Digital
SACD,Value (Adjusted),2005,13.09047619,Digital
SACD,Value (Adjusted),2006,6.974769345,Digital
SACD,Value (Adjusted),2007,4.43977424,Digital
SACD,Value (Adjusted),2008,3.681029526,Digital
SACD,Value (Adjusted),2009,2.860004568,Digital
SACD,Value (Adjusted),2010,1.993143504,Digital
SACD,Value (Adjusted),2011,1.7048422019999998,Digital
SACD,Value (Adjusted),2012,1.494897613,Digital
SACD,Value (Adjusted),2013,1.073719014,Digital
SACD,Value (Adjusted),2014,0.82446336,Digital
SACD,Value (Adjusted),2015,1.125529098,Digital
SACD,Value (Adjusted),2016,1.28555661,Digital
SACD,Value (Adjusted),2017,0.8871424729999999,Digital
SACD,Value (Adjusted),2018,0.8752772670000001,Digital
SACD,Value (Adjusted),2019,0.433302292,Digital
SoundExchange Distributions,Value (Adjusted),2004,9.338450502999999,Digital
SoundExchange Distributions,Value (Adjusted),2005,26.704571429,Digital
SoundExchange Distributions,Value (Adjusted),2006,41.594988095,Digital
SoundExchange Distributions,Value (Adjusted),2007,44.644396527,Digital
SoundExchange Distributions,Value (Adjusted),2008,118.74288793,Digital
SoundExchange Distributions,Value (Adjusted),2009,185.30446263299999,Digital
SoundExchange Distributions,Value (Adjusted),2010,292.17138900099997,Digital
SoundExchange Distributions,Value (Adjusted),2011,331.875948591,Digital
SoundExchange Distributions,Value (Adjusted),2012,514.445211983,Digital
SoundExchange Distributions,Value (Adjusted),2013,647.930273827,Digital
SoundExchange Distributions,Value (Adjusted),2014,835.213587287,Digital
SoundExchange Distributions,Value (Adjusted),2015,865.719793095,Digital
SoundExchange Distributions,Value (Adjusted),2016,941.5359647839999,Digital
SoundExchange Distributions,Value (Adjusted),2017,680.027594648,Digital
SoundExchange Distributions,Value (Adjusted),2018,970.0645127380001,Digital
SoundExchange Distributions,Value (Adjusted),2019,908.2,Digital
Synchronization,Value (Adjusted),2009,239.76371628200002,Digital
Synchronization,Value (Adjusted),2010,221.238928991,Digital
Synchronization,Value (Adjusted),2011,223.33432841799998,Digital
Synchronization,Value (Adjusted),2012,212.233985813,Digital
Synchronization,Value (Adjusted),2013,208.162343515,Digital
Synchronization,Value (Adjusted),2014,204.875818427,Digital
Synchronization,Value (Adjusted),2015,218.894529344,Digital
Synchronization,Value (Adjusted),2016,228.847859543,Digital
Synchronization,Value (Adjusted),2017,242.063251407,Digital
Synchronization,Value (Adjusted),2018,290.686928901,Digital
Synchronization,Value (Adjusted),2019,276.262360199,Digital
Vinyl Single,Value (Adjusted),1973,1094.027702703,Analog
Vinyl Single,Value (Adjusted),1974,1006.033630832,Analog
Vinyl Single,Value (Adjusted),1975,1005.045641264,Analog
Vinyl Single,Value (Adjusted),1976,1101.257130053,Analog
Vinyl Single,Value (Adjusted),1977,1034.018658416,Analog
Vinyl Single,Value (Adjusted),1978,1020.6674401839999,Analog
Vinyl Single,Value (Adjusted),1979,1245.183404959,Analog
Vinyl Single,Value (Adjusted),1980,775.6583737860001,Analog
Vinyl Single,Value (Adjusted),1981,721.1271155119998,Analog
Vinyl Single,Value (Adjusted),1982,749.750580311,Analog
Vinyl Single,Value (Adjusted),1983,691.2492981930002,Analog
Vinyl Single,Value (Adjusted),1984,734.9831174210001,Analog
Vinyl Single,Value (Adjusted),1985,667.654433086,Analog
Vinyl Single,Value (Adjusted),1986,532.074468066,Analog
Vinyl Single,Value (Adjusted),1987,457.52700792300004,Analog
Vinyl Single,Value (Adjusted),1988,389.860716822,Analog
Vinyl Single,Value (Adjusted),1989,239.9877,Analog
Vinyl Single,Value (Adjusted),1990,184.652033665,Analog
Vinyl Single,Value (Adjusted),1991,119.944803965,Analog
Vinyl Single,Value (Adjusted),1992,120.995187455,Analog
Vinyl Single,Value (Adjusted),1993,90.58573287200001,Analog
Vinyl Single,Value (Adjusted),1994,81.423821862,Analog
Vinyl Single,Value (Adjusted),1995,78.341088583,Analog
Vinyl Single,Value (Adjusted),1996,77.397753346,Analog
Vinyl Single,Value (Adjusted),1997,56.70647476600001,Analog
Vinyl Single,Value (Adjusted),1998,40.309109815999996,Analog
Vinyl Single,Value (Adjusted),1999,42.814107443000005,Analog
Vinyl Single,Value (Adjusted),2000,39.046336237,Analog
Vinyl Single,Value (Adjusted),2001,45.328231508,Analog
Vinyl Single,Value (Adjusted),2002,35.385543635,Analog
Vinyl Single,Value (Adjusted),2003,29.872964674000002,Analog
Vinyl Single,Value (Adjusted),2004,26.93263261,Analog
Vinyl Single,Value (Adjusted),2005,17.279428571,Analog
Vinyl Single,Value (Adjusted),2006,12.554584820999999,Analog
Vinyl Single,Value (Adjusted),2007,4.933082488999999,Analog
Vinyl Single,Value (Adjusted),2008,3.44354375,Analog
Vinyl Single,Value (Adjusted),2009,2.979171425,Analog
Vinyl Single,Value (Adjusted),2010,2.696605918,Analog
Vinyl Single,Value (Adjusted),2011,5.228182752,Analog
Vinyl Single,Value (Adjusted),2012,5.281477044,Analog
Vinyl Single,Value (Adjusted),2013,3.269213385,Analog
Vinyl Single,Value (Adjusted),2014,5.938887283,Analog
Vinyl Single,Value (Adjusted),2015,6.205390252999999,Analog
Vinyl Single,Value (Adjusted),2016,5.198931395,Analog
Vinyl Single,Value (Adjusted),2017,6.33967756,Analog
Vinyl Single,Value (Adjusted),2018,5.3861967470000005,Analog
Vinyl Single,Value (Adjusted),2019,6.795945687000001,Analog
